{
  "attempt": "attempt-10-top-connected-sky",
  "attempt_dir": "attempts/attempt-10-top-connected-sky",
  "dataset_dir": "data/video_clips_fpv_atv",
  "limit": null,
  "seed": 0,
  "generated_at_utc": "2026-04-25T19:13:53.660752Z",
  "wall_clock_s": 4.827775336000002,
  "summary": {
    "counts": {
      "total": 120,
      "evaluated": 120,
      "failed": 0,
      "line_scored": 100
    },
    "has_no_horizon_labels": true,
    "confusion_matrix": {
      "tp": 100,
      "fn": 10,
      "fp": 2,
      "tn": 8,
      "failed_gt_horizon": 0,
      "failed_gt_no_horizon": 0
    },
    "accuracy": {
      "verdict": "FAIL",
      "passed": 72,
      "total": 120,
      "pass_rate": 0.6,
      "pass_thresholds": {
        "delta_theta_deg_lt": 5.0,
        "delta_rho_norm_lt": 0.05
      },
      "angle_error_deg": {
        "mean": 4.362515638776237,
        "median": 1.468527299138318,
        "p90": 10.921224757961339,
        "worst": 37.94097298912735
      },
      "position_error_norm": {
        "mean": 0.0897479230482109,
        "median": 0.017758913687002144,
        "p90": 0.29165095400880486,
        "worst": 0.6557408753428073
      },
      "hesse_distance_px": {
        "mean": 43.079003063141236,
        "median": 8.52427856976103,
        "p90": 139.99245792422636,
        "worst": 314.7556201645475
      }
    },
    "mask_iou": null,
    "speed": {
      "verdict": "PASS",
      "latency_budget_ms": 66.66666666666667,
      "latency_ms": {
        "mean": 37.233771524997884,
        "median": 36.38625000002094,
        "p90": 38.781179400007204,
        "worst": 139.12145800003373
      },
      "fps": {
        "mean": 26.857338352861284,
        "median": 27.482909065908814,
        "p90": 25.785703670472028,
        "worst": 7.1879637719132985
      },
      "pct_frames_over_budget": 0.8333333333333334
    },
    "worst_frames_by_angle": [
      {
        "filename": "04_10m34s-11m00s_fpv_treeline_f043.jpg",
        "delta_theta_deg": 37.94097298912735,
        "delta_rho_norm": 0.6557408753428073,
        "iou": null
      },
      {
        "filename": "04_10m34s-11m00s_fpv_treeline_f042.jpg",
        "delta_theta_deg": 37.19342870038189,
        "delta_rho_norm": 0.38459615875105135,
        "iou": null
      },
      {
        "filename": "04_10m34s-11m00s_fpv_treeline_f034.jpg",
        "delta_theta_deg": 35.16020953947129,
        "delta_rho_norm": 0.35298441489197674,
        "iou": null
      },
      {
        "filename": "04_10m34s-11m00s_fpv_treeline_f044.jpg",
        "delta_theta_deg": 30.795971561865052,
        "delta_rho_norm": 0.5505103326643389,
        "iou": null
      },
      {
        "filename": "04_10m34s-11m00s_fpv_treeline_f045.jpg",
        "delta_theta_deg": 27.57527339047675,
        "delta_rho_norm": 0.4519873095011325,
        "iou": null
      }
    ]
  }
}
