{
  "attempt": "attempt-4-top-n-ransac_tuned",
  "attempt_dir": "attempts/attempt-4-top-n-ransac_tuned",
  "dataset_dir": "/workspace/data/horizon_uav_dataset",
  "limit": null,
  "seed": null,
  "generated_at_utc": "2026-04-25T17:43:49.719732Z",
  "wall_clock_s": 11.344178923000001,
  "summary": {
    "counts": {
      "total": 490,
      "evaluated": 490,
      "failed": 0,
      "line_scored": 490
    },
    "has_no_horizon_labels": false,
    "confusion_matrix": null,
    "accuracy": {
      "verdict": "PASS",
      "passed": 466,
      "total": 490,
      "pass_rate": 0.9510204081632653,
      "pass_thresholds": {
        "delta_theta_deg_lt": 5.0,
        "delta_rho_norm_lt": 0.05
      },
      "angle_error_deg": {
        "mean": 1.106053778198601,
        "median": 0.7351549038545988,
        "p90": 2.382802754331606,
        "worst": 7.800022090352504
      },
      "position_error_norm": {
        "mean": 0.023998191450393752,
        "median": 0.014482060212345202,
        "p90": 0.030141675416351585,
        "worst": 0.5431991349962059
      },
      "hesse_distance_px": {
        "mean": 11.519131896189,
        "median": 6.9513889019256965,
        "p90": 14.468004199848762,
        "worst": 260.7355847981788
      }
    },
    "mask_iou": {
      "mean": 0.9286284241397558,
      "median": 0.9521976099077287,
      "p90": 0.9843630877921341,
      "worst": 0.9972417844579927
    },
    "speed": {
      "verdict": "PASS",
      "latency_budget_ms": 66.66666666666667,
      "latency_ms": {
        "mean": 18.30957527755134,
        "median": 12.766437499998062,
        "p90": 36.138820799999394,
        "worst": 98.12075000000675
      },
      "fps": {
        "mean": 54.61623138937915,
        "median": 78.33038778438791,
        "p90": 27.671074425317627,
        "worst": 10.191524218882664
      },
      "pct_frames_over_budget": 0.6122448979591837
    },
    "worst_frames_by_angle": [
      {
        "filename": "e6-converted.mp4-00.02.56.059-00.05.03.817_10.jpg",
        "delta_theta_deg": 7.800022090352504,
        "delta_rho_norm": 0.09672386537841629,
        "iou": 0.942246297168577
      },
      {
        "filename": "d6-converted.mp4-00.02.56.484-00.05.09.707_90.jpg",
        "delta_theta_deg": 7.783715452689087,
        "delta_rho_norm": 0.48807732859333075,
        "iou": 0.725326456960051
      },
      {
        "filename": "e6-converted.mp4-00.02.56.059-00.05.03.817_90.jpg",
        "delta_theta_deg": 7.500703336099299,
        "delta_rho_norm": 0.4915654353063065,
        "iou": 0.7274533807829181
      },
      {
        "filename": "d6-converted.mp4-00.02.56.484-00.05.09.707_10.jpg",
        "delta_theta_deg": 7.147140949163973,
        "delta_rho_norm": 0.09499585428829066,
        "iou": 0.9422577500997587
      },
      {
        "filename": "c2-converted.mp4-00.06.23.052-00.06.50.427_10.jpg",
        "delta_theta_deg": 6.86153385576012,
        "delta_rho_norm": 0.3892634007965758,
        "iou": 0.6828243410625574
      }
    ]
  }
}
