{
  "attempt": "attempt-4-top-n-ransac_tuned",
  "attempt_dir": "attempts/attempt-4-top-n-ransac_tuned",
  "dataset_dir": "/workspace/data/horizon_uav_dataset",
  "limit": null,
  "seed": null,
  "generated_at_utc": "2026-04-25T18:18:42.558947Z",
  "wall_clock_s": 10.845578297000003,
  "summary": {
    "counts": {
      "total": 490,
      "evaluated": 490,
      "failed": 0,
      "line_scored": 490
    },
    "has_no_horizon_labels": false,
    "confusion_matrix": null,
    "accuracy": {
      "verdict": "PASS",
      "passed": 466,
      "total": 490,
      "pass_rate": 0.9510204081632653,
      "pass_thresholds": {
        "delta_theta_deg_lt": 5.0,
        "delta_rho_norm_lt": 0.05
      },
      "angle_error_deg": {
        "mean": 1.103825523324161,
        "median": 0.7146634798215947,
        "p90": 2.354348217708251,
        "worst": 7.520800197009036
      },
      "position_error_norm": {
        "mean": 0.023676481494397175,
        "median": 0.01470831819652622,
        "p90": 0.029426663460021946,
        "worst": 0.5412052764508901
      },
      "hesse_distance_px": {
        "mean": 11.364711117310643,
        "median": 7.059992734332585,
        "p90": 14.124798460810535,
        "worst": 259.77853269642725
      }
    },
    "mask_iou": {
      "mean": 0.9286284241397558,
      "median": 0.9521976099077287,
      "p90": 0.9843630877921341,
      "worst": 0.9972417844579927
    },
    "speed": {
      "verdict": "PASS",
      "latency_budget_ms": 66.66666666666667,
      "latency_ms": {
        "mean": 17.621656818367306,
        "median": 12.561979000004442,
        "p90": 33.905775000005185,
        "worst": 57.851040999992165
      },
      "fps": {
        "mean": 56.74835291070279,
        "median": 79.60529149106573,
        "p90": 29.493500738439014,
        "worst": 17.28577364753273
      },
      "pct_frames_over_budget": 0.0
    },
    "worst_frames_by_angle": [
      {
        "filename": "e6-converted.mp4-00.02.56.059-00.05.03.817_10.jpg",
        "delta_theta_deg": 7.520800197009036,
        "delta_rho_norm": 0.0956503808626976,
        "iou": 0.942246297168577
      },
      {
        "filename": "d6-converted.mp4-00.02.56.484-00.05.09.707_10.jpg",
        "delta_theta_deg": 7.500267242684622,
        "delta_rho_norm": 0.09554225368378563,
        "iou": 0.9422577500997587
      },
      {
        "filename": "c2-converted.mp4-00.06.23.052-00.06.50.427_10.jpg",
        "delta_theta_deg": 7.001902036135583,
        "delta_rho_norm": 0.38809544772900456,
        "iou": 0.6828243410625574
      },
      {
        "filename": "d6-converted.mp4-00.05.52.629-00.06.11.143_20.jpg",
        "delta_theta_deg": 6.25590407191525,
        "delta_rho_norm": 0.07107804977761815,
        "iou": 0.957173364395263
      },
      {
        "filename": "c2-converted.mp4-00.04.12.298-00.06.07.792_10.jpg",
        "delta_theta_deg": 6.153881796378324,
        "delta_rho_norm": 0.38245513432538586,
        "iou": 0.7059731581470099
      }
    ]
  }
}
