{
  "attempt": "attempt-1-otsu-column-scan",
  "attempt_dir": "attempts/attempt-1-otsu-column-scan",
  "dataset_dir": "/Users/jurajuhlar/Documents/Code/personal/etdh-horizon-detection/data/horizon_uav_dataset",
  "limit": null,
  "seed": 0,
  "generated_at_utc": "2026-04-25T16:56:20.254795Z",
  "wall_clock_s": 2.4474443750077626,
  "summary": {
    "counts": {
      "total": 490,
      "evaluated": 490,
      "failed": 0,
      "line_scored": 490
    },
    "has_no_horizon_labels": false,
    "confusion_matrix": null,
    "accuracy": {
      "verdict": "FAIL",
      "passed": 306,
      "total": 490,
      "pass_rate": 0.6244897959183674,
      "pass_thresholds": {
        "delta_theta_deg_lt": 5.0,
        "delta_rho_norm_lt": 0.05
      },
      "angle_error_deg": {
        "mean": 10.460933247886562,
        "median": 1.4150294004453308,
        "p90": 36.79257389851126,
        "worst": 85.05909190883257
      },
      "position_error_norm": {
        "mean": 0.1473827335749389,
        "median": 0.022896803734941726,
        "p90": 0.5727268518562392,
        "worst": 1.1215111590875146
      },
      "hesse_distance_px": {
        "mean": 70.74371211597067,
        "median": 10.990465792772028,
        "p90": 274.90888889099483,
        "worst": 538.325356362007
      }
    },
    "mask_iou": {
      "mean": 0.9260462189629296,
      "median": 0.9496766173104079,
      "p90": 0.9840702178468201,
      "worst": 0.9970943658760457
    },
    "speed": {
      "verdict": "PASS",
      "latency_budget_ms": 66.66666666666667,
      "latency_ms": {
        "mean": 0.7663178591150315,
        "median": 0.6674994947388768,
        "p90": 0.7325372062041424,
        "worst": 22.38924999255687
      },
      "fps": {
        "mean": 1304.9415306004119,
        "median": 1498.1284748255819,
        "p90": 1365.1183742349347,
        "worst": 44.66429202998949
      },
      "pct_frames_over_budget": 0.0
    },
    "worst_frames_by_angle": [
      {
        "filename": "a4-converted.mp4-00.02.43.911-00.03.05.670_0.jpg",
        "delta_theta_deg": 85.05909190883257,
        "delta_rho_norm": 0.9090985584501952,
        "iou": 0.8766817721614935
      },
      {
        "filename": "e6-converted.mp4-00.02.56.059-00.05.03.817_140.jpg",
        "delta_theta_deg": 75.20630500801066,
        "delta_rho_norm": 1.0772024354057246,
        "iou": 0.6127250325839035
      },
      {
        "filename": "d6-converted.mp4-00.02.56.484-00.05.09.707_140.jpg",
        "delta_theta_deg": 75.05228402157951,
        "delta_rho_norm": 1.0769413884195316,
        "iou": 0.6132173382173383
      },
      {
        "filename": "d6-converted.mp4-00.02.56.484-00.05.09.707_180.jpg",
        "delta_theta_deg": 69.22036198458642,
        "delta_rho_norm": 0.9849963193897522,
        "iou": 0.8320890611727265
      },
      {
        "filename": "e12-converted.mp4-00.01.20.478-00.02.38.637_20.jpg",
        "delta_theta_deg": 66.13825364991087,
        "delta_rho_norm": 0.248296966881939,
        "iou": 0.8111245163705953
      }
    ]
  }
}
