{
  "attempt": "attempt-3-top-n-ransac",
  "attempt_dir": "attempts/attempt-3-top-n-ransac",
  "dataset_dir": "/workspace/data/horizon_uav_dataset",
  "limit": null,
  "seed": null,
  "generated_at_utc": "2026-04-25T18:18:20.762962Z",
  "wall_clock_s": 37.006728767000006,
  "summary": {
    "counts": {
      "total": 490,
      "evaluated": 490,
      "failed": 0,
      "line_scored": 490
    },
    "has_no_horizon_labels": false,
    "confusion_matrix": null,
    "accuracy": {
      "verdict": "PASS",
      "passed": 468,
      "total": 490,
      "pass_rate": 0.9551020408163265,
      "pass_thresholds": {
        "delta_theta_deg_lt": 5.0,
        "delta_rho_norm_lt": 0.05
      },
      "angle_error_deg": {
        "mean": 1.08739427643501,
        "median": 0.7474124439398766,
        "p90": 2.188658022672801,
        "worst": 7.600012763157391
      },
      "position_error_norm": {
        "mean": 0.022075814764489908,
        "median": 0.014592122717037654,
        "p90": 0.029217470129160587,
        "worst": 0.5418738209281239
      },
      "hesse_distance_px": {
        "mean": 10.596391086955157,
        "median": 7.0042189041780745,
        "p90": 14.024385661997082,
        "worst": 260.09943404549944
      }
    },
    "mask_iou": {
      "mean": 0.9286284241397558,
      "median": 0.9521976099077287,
      "p90": 0.9843630877921341,
      "worst": 0.9972417844579927
    },
    "speed": {
      "verdict": "FAIL",
      "latency_budget_ms": 66.66666666666667,
      "latency_ms": {
        "mean": 70.56225613877584,
        "median": 40.58056250000419,
        "p90": 156.30636250000194,
        "worst": 421.0492919999993
      },
      "fps": {
        "mean": 14.171882458424871,
        "median": 24.642339543713735,
        "p90": 6.397692224460713,
        "worst": 2.3750188374619134
      },
      "pct_frames_over_budget": 32.44897959183673
    },
    "worst_frames_by_angle": [
      {
        "filename": "d6-converted.mp4-00.02.56.484-00.05.09.707_10.jpg",
        "delta_theta_deg": 7.600012763157391,
        "delta_rho_norm": 0.09629227172678577,
        "iou": 0.9422577500997587
      },
      {
        "filename": "e6-converted.mp4-00.02.56.059-00.05.03.817_10.jpg",
        "delta_theta_deg": 7.299011155810216,
        "delta_rho_norm": 0.095034716465962,
        "iou": 0.942246297168577
      },
      {
        "filename": "c2-converted.mp4-00.06.23.052-00.06.50.427_10.jpg",
        "delta_theta_deg": 6.9228998860766655,
        "delta_rho_norm": 0.38867196335779003,
        "iou": 0.6828243410625574
      },
      {
        "filename": "e6-converted.mp4-00.02.56.059-00.05.03.817_90.jpg",
        "delta_theta_deg": 6.792957637873357,
        "delta_rho_norm": 0.493874429081407,
        "iou": 0.7274533807829181
      },
      {
        "filename": "d6-converted.mp4-00.05.52.629-00.06.11.143_20.jpg",
        "delta_theta_deg": 6.429983908596018,
        "delta_rho_norm": 0.07252986047512681,
        "iou": 0.957173364395263
      }
    ]
  }
}
