{
  "attempt": "attempt-3-top-n-ransac",
  "attempt_dir": "attempts/attempt-3-top-n-ransac",
  "dataset_dir": "/workspace/data/horizon_uav_dataset",
  "limit": null,
  "seed": null,
  "generated_at_utc": "2026-04-25T17:43:27.398811Z",
  "wall_clock_s": 37.148743725,
  "summary": {
    "counts": {
      "total": 490,
      "evaluated": 490,
      "failed": 0,
      "line_scored": 490
    },
    "has_no_horizon_labels": false,
    "confusion_matrix": null,
    "accuracy": {
      "verdict": "PASS",
      "passed": 468,
      "total": 490,
      "pass_rate": 0.9551020408163265,
      "pass_thresholds": {
        "delta_theta_deg_lt": 5.0,
        "delta_rho_norm_lt": 0.05
      },
      "angle_error_deg": {
        "mean": 1.0960639599039421,
        "median": 0.7472249858832059,
        "p90": 2.340923503396417,
        "worst": 7.491545874693512
      },
      "position_error_norm": {
        "mean": 0.022254500170025032,
        "median": 0.01483142571251006,
        "p90": 0.029813139079106283,
        "worst": 0.541689982637791
      },
      "hesse_distance_px": {
        "mean": 10.682160081612015,
        "median": 7.119084342004829,
        "p90": 14.310306757971015,
        "worst": 260.01119166613967
      }
    },
    "mask_iou": {
      "mean": 0.9286284241397558,
      "median": 0.9521976099077287,
      "p90": 0.9843630877921341,
      "worst": 0.9972417844579927
    },
    "speed": {
      "verdict": "FAIL",
      "latency_budget_ms": 66.66666666666667,
      "latency_ms": {
        "mean": 70.68208625918376,
        "median": 41.79479199999747,
        "p90": 157.77170830000387,
        "worst": 428.5070419999997
      },
      "fps": {
        "mean": 14.147856308783888,
        "median": 23.926426048490935,
        "p90": 6.338271992963998,
        "worst": 2.333683935117222
      },
      "pct_frames_over_budget": 32.04081632653061
    },
    "worst_frames_by_angle": [
      {
        "filename": "e6-converted.mp4-00.02.56.059-00.05.03.817_10.jpg",
        "delta_theta_deg": 7.491545874693512,
        "delta_rho_norm": 0.0957849069261707,
        "iou": 0.942246297168577
      },
      {
        "filename": "d6-converted.mp4-00.02.56.484-00.05.09.707_10.jpg",
        "delta_theta_deg": 7.321675503545174,
        "delta_rho_norm": 0.09527878591801452,
        "iou": 0.9422577500997587
      },
      {
        "filename": "e6-converted.mp4-00.02.56.059-00.05.03.817_90.jpg",
        "delta_theta_deg": 7.234578978384221,
        "delta_rho_norm": 0.4920628720487529,
        "iou": 0.7274533807829181
      },
      {
        "filename": "c2-converted.mp4-00.06.23.052-00.06.50.427_10.jpg",
        "delta_theta_deg": 6.902986838599675,
        "delta_rho_norm": 0.3887845393883794,
        "iou": 0.6828243410625574
      },
      {
        "filename": "d6-converted.mp4-00.05.52.629-00.06.11.143_20.jpg",
        "delta_theta_deg": 6.371865727186449,
        "delta_rho_norm": 0.0718563157211569,
        "iou": 0.957173364395263
      }
    ]
  }
}
